{
"advancing": 3047,
"declining": 2847,
"advancing_vol": 397661149570.65,
"declining_vol": 216727982819.02,
"highs_52w": 353,
"lows_52w": 95,
"highs_20d": 1309,
"highs_20d_pct": 0.2065972222222222,
"lows_20d": 491,
"above_20": 0.59927398989899,
"above_50": 0.5721275252525253,
"above_100": 0.5001578282828283,
"above_200": 0.5293560606060606,
"trend_short": 0.5222537878787878,
"trend_medium": 0.4586489898989899,
"trend_long": 0.6399936868686869,
"total": 6336
}