{
"advancing": 2269,
"declining": 3612,
"advancing_vol": 183664994210.6,
"declining_vol": 498034169864.95,
"highs_52w": 177,
"lows_52w": 264,
"highs_20d": 640,
"highs_20d_pct": 0.10282776349614396,
"lows_20d": 968,
"above_20": 0.48682519280205655,
"above_50": 0.4495501285347044,
"above_200": 0.4974293059125964,
"trend_short": 0.4365359897172236,
"trend_medium": 0.4993573264781491,
"trend_long": 0.6269280205655527,
"total": 6224
}