{
"advancing": 1853,
"declining": 4100,
"advancing_vol": 34401511634.1,
"declining_vol": 330299612301.9,
"highs_52w": 79,
"lows_52w": 291,
"highs_20d": 370,
"highs_20d_pct": 0.05803011292346299,
"lows_20d": 1355,
"above_20": 0.33594730238393977,
"above_50": 0.4328732747804266,
"above_200": 0.4722396486825596,
"trend_short": 0.4952948557089084,
"trend_medium": 0.4736511919698871,
"trend_long": 0.6317440401505646,
"total": 6376
}