{
"advancing": 3385,
"declining": 2480,
"advancing_vol": 469213518247.6,
"declining_vol": 190056410674.0,
"highs_52w": 245,
"lows_52w": 247,
"highs_20d": 752,
"highs_20d_pct": 0.12138821630347055,
"lows_20d": 747,
"above_20": 0.5008878127522195,
"above_50": 0.46198547215496366,
"above_200": 0.5020177562550444,
"trend_short": 0.4500403551251009,
"trend_medium": 0.49878934624697335,
"trend_long": 0.6305084745762712,
"total": 6195
}