{
"advancing": 2481,
"declining": 3409,
"advancing_vol": 316978824626.45,
"declining_vol": 313430773469.25,
"highs_52w": 164,
"lows_52w": 241,
"highs_20d": 618,
"highs_20d_pct": 0.0991496871490454,
"lows_20d": 806,
"above_20": 0.5299213861703834,
"above_50": 0.46221723086796085,
"above_200": 0.5039306914808278,
"trend_short": 0.42339162522060003,
"trend_medium": 0.5034493823199102,
"trend_long": 0.6260227819669502,
"total": 6233
}