{
"advancing": 2510,
"declining": 3444,
"advancing_vol": 244030108301.25,
"declining_vol": 394524098735.03,
"highs_52w": 225,
"lows_52w": 111,
"highs_20d": 911,
"highs_20d_pct": 0.14299168105477947,
"lows_20d": 669,
"above_20": 0.5248783550463035,
"above_50": 0.5248783550463035,
"above_100": 0.4595824831266677,
"above_200": 0.5018050541516246,
"trend_short": 0.5057290849160258,
"trend_medium": 0.4657039711191336,
"trend_long": 0.6366347512164495,
"total": 6371
}