{
"advancing": 3132,
"declining": 2755,
"advancing_vol": 936736563888.8,
"declining_vol": 416306356149.0,
"highs_52w": 239,
"lows_52w": 209,
"highs_20d": 650,
"highs_20d_pct": 0.10516097718815726,
"lows_20d": 667,
"above_20": 0.49943374858437145,
"above_50": 0.4640025885779,
"above_200": 0.4963598123281022,
"trend_short": 0.4648115191716551,
"trend_medium": 0.4955508817343472,
"trend_long": 0.6332308687914577,
"total": 6181
}