{
"advancing": 4078,
"declining": 1939,
"advancing_vol": 451035384735.6,
"declining_vol": 236838309158.75,
"highs_52w": 317,
"lows_52w": 82,
"highs_20d": 1111,
"highs_20d_pct": 0.17294520547945205,
"lows_20d": 552,
"above_20": 0.49891033623910336,
"above_50": 0.5043586550435866,
"above_100": 0.46170610211706103,
"above_200": 0.5007783312577833,
"trend_short": 0.4937733499377335,
"trend_medium": 0.4666874221668742,
"trend_long": 0.6327833125778332,
"total": 6424
}