{
"advancing": 3599,
"declining": 2344,
"advancing_vol": 447862382121.65,
"declining_vol": 252486371442.34998,
"highs_52w": 405,
"lows_52w": 94,
"highs_20d": 1367,
"highs_20d_pct": 0.21346033728919425,
"lows_20d": 543,
"above_20": 0.5534041224234854,
"above_50": 0.5262336039975015,
"above_100": 0.4731417863835103,
"above_200": 0.5079637726420987,
"trend_short": 0.5,
"trend_medium": 0.4656464709556527,
"trend_long": 0.6350718301061836,
"total": 6404
}