{
"advancing": 3755,
"declining": 2173,
"advancing_vol": 342371174985.80005,
"declining_vol": 299387665196.8,
"highs_52w": 346,
"lows_52w": 74,
"highs_20d": 1348,
"highs_20d_pct": 0.2118830556428796,
"lows_20d": 440,
"above_20": 0.6024834957560515,
"above_50": 0.5608299276956932,
"above_100": 0.4913549198365294,
"above_200": 0.5207481923923295,
"trend_short": 0.5135177617101541,
"trend_medium": 0.46007544797233574,
"trend_long": 0.6372209996856334,
"total": 6362
}