{
"advancing": 3730,
"declining": 2230,
"advancing_vol": 342397253056.35004,
"declining_vol": 218508062593.5,
"highs_52w": 179,
"lows_52w": 104,
"highs_20d": 639,
"highs_20d_pct": 0.10062992125984252,
"lows_20d": 827,
"above_20": 0.4004724409448819,
"above_50": 0.4537007874015748,
"above_200": 0.48299212598425195,
"trend_short": 0.49748031496062994,
"trend_medium": 0.4699212598425197,
"trend_long": 0.6324409448818897,
"total": 6350
}