{
"advancing": 3476,
"declining": 2187,
"advancing_vol": 140570199305.95,
"declining_vol": 80883119382.59999,
"highs_52w": 203,
"lows_52w": 179,
"highs_20d": 536,
"highs_20d_pct": 0.08748163864860453,
"lows_20d": 530,
"above_20": 0.4904520972743594,
"above_50": 0.48735106903868125,
"above_200": 0.5033458462542844,
"trend_short": 0.49012567324955114,
"trend_medium": 0.4888199771503183,
"trend_long": 0.6350579402644034,
"total": 6127
}